step,klcoef,lr,rollout_time,horizon,speed,speed_rl,speed_rl_std,speed_human,inflow,outflow,inflow_hourly,outflow_hourly,collisions,fuel,backlog_step,n_total_veh_step,flow_horizontal,flow_vertical,raw_reward_mean,raw_reward_sum,reward_mean,reward_sum,n_veh_step_mean,n_veh_step_sum,n_veh_unique,policy_loss,kl,entropy,gd_time,total_time
0,0,0.001,12.4541,2000,4.71193,4.71193,3.86199,,618.506,607.388,2226.62,2186.6,0.45,2078.55,15.7185,35.0717,778.75,782.5,0.302569,605.138,0.000883879,1.76776,19.3478,38695.6,627.472,-0.248005,3.3885e-12,0.075837,3.4017,308.308
1,0,0.001,14.2476,2000,2.52879,2.52879,3.85665,,423.019,406.619,1522.87,1463.83,0.08125,1560.35,98.6365,122.518,778.75,782.5,0.203106,406.212,-0.0126858,-25.3717,23.8731,47746.3,432.059,1.47208,3.18133e-11,0.167868,3.5691,682.127
2,0,0.001,15.9953,2000,0.961361,0.961361,2.77788,,223.394,202.897,804.217,730.429,0.075,1189.32,194.546,221.998,778.75,782.5,0.101261,202.522,-0.0171105,-34.221,27.4417,54883.3,232.15,1.84568,3.97573e-10,0.204492,3.88805,1073.59
3,0,0.001,15.6905,2000,0.905593,0.905593,2.75673,,214.794,195.662,773.257,704.385,0.1,1189.75,200.976,227.626,778.75,782.5,0.0975812,195.162,-0.0123414,-24.6828,26.6405,53280.9,223.725,1.35294,-2.77975e-10,0.185334,3.66937,1457.72
4,0,0.001,14.5835,2000,1.02346,1.02346,2.91293,,219.359,202.881,789.694,730.373,0.1,1155.17,199.51,223.758,778.75,782.5,0.101191,202.381,-0.00971215,-19.4243,24.2404,48480.7,228.294,1.10695,2.69745e-10,0.188902,3.38891,1845.17
5,0,0.001,15.0576,2000,0.932021,0.932021,2.74297,,206.425,188.594,743.13,678.938,0.05,1149.9,205.34,230.843,778.75,782.5,0.0941719,188.344,-0.00929113,-18.5823,25.4944,50988.7,215.306,1.09886,1.00253e-10,0.17884,3.46962,2241.04
6,0,0.001,14.1641,2000,1.0688,1.0688,2.96898,,218.85,203.084,787.86,731.104,0.075,1156.46,199.813,223.29,778.75,782.5,0.101355,202.709,-0.00706466,-14.1293,23.4685,46936.9,227.803,0.876352,-4.21622e-10,0.174181,3.39105,2633.85
7,0,0.001,13.9205,2000,1.08253,1.08253,2.97962,,215.081,200,774.293,720,0.0875,1148.09,201.948,224.843,778.75,782.5,0.0997813,199.562,-0.00651031,-13.0206,22.8875,45774.9,224.034,0.833486,-1.87062e-10,0.183304,3.41487,3025.47
8,0,0.001,15.368,2000,1.01747,1.01747,2.82607,,221.544,202.578,797.558,729.281,0.1375,1122.23,195.068,221.206,778.75,782.5,0.100945,201.891,-0.00565592,-11.3118,26.1287,52257.5,230.591,0.811583,4.49897e-10,0.204109,3.63147,3435.43
9,0,0.001,15.6819,2000,0.984279,0.984279,2.80966,,223.3,203.397,803.88,732.229,0.08125,1164.51,194.634,221.537,778.75,782.5,0.101495,202.991,-0.00494702,-9.89405,26.8929,53785.7,232.131,0.728448,-1.92924e-10,0.187811,3.64288,3856.96
10,0,0.001,15.7121,2000,0.977807,0.977807,2.85893,,228.531,209.175,822.712,753.03,0.06875,1133.72,191.86,218.607,778.75,782.5,0.104416,208.831,-0.00413261,-8.26522,26.7381,53476.2,237.562,0.633118,-2.03775e-11,0.183444,4.57377,4271.52
11,0,0.001,15.9114,2000,1.09614,1.09614,2.86337,,239.45,218.697,862.02,787.309,0.14375,1195.87,184.609,212.171,778.75,782.5,0.108989,217.978,-0.00325449,-6.50898,27.5524,55104.9,248.387,0.599051,1.2736e-11,0.162996,4.2366,4691.25
12,0,0.001,15.8128,2000,1.28117,1.28117,2.89501,,251.466,230.741,905.276,830.666,0.15625,1260.51,179.427,207.005,778.75,782.5,0.11498,229.959,-0.0024096,-4.8192,27.5674,55134.8,260.503,0.553738,-6.49806e-11,0.151295,4.22321,5108.11
13,0,0.001,15.2562,2000,1.78815,1.78815,3.20623,,313.387,293.337,1128.2,1056.01,0.24375,1389.74,144.355,170.791,778.75,782.5,0.146059,292.119,0.00277461,5.54921,26.4262,52852.4,322.337,0.105637,-1.03915e-10,0.138595,3.71847,5528.01
14,0,0.001,12.3462,2000,4.45271,4.45271,3.96827,,592.416,580.884,2132.7,2091.18,0.43125,2038.33,27.0727,46.8524,778.75,782.5,0.289364,578.728,0.0217698,43.5396,19.7742,39548.3,601.406,-2.15847,4.52557e-12,0.0641714,3.20764,5921.06
15,0,0.001,16.3631,2000,2.60655,2.60655,2.5564,,467.809,442.381,1684.11,1592.57,1.3875,1398.12,80.3455,110.08,778.75,782.5,0.217722,435.444,0.00958653,19.1731,29.7228,59445.6,476.844,-0.832615,-6.11441e-12,0.040238,4.53471,6362.99
16,0,0.001,16.0397,2000,2.72348,2.72348,2.70248,,476.438,451.913,1715.17,1626.88,1.60625,1452.3,77.0958,105.928,778.75,782.5,0.221941,443.881,0.00926983,18.5397,28.821,57642.1,485.319,-0.814856,6.40073e-12,0.0411949,3.89499,6799.57
17,0,0.001,12.4737,2000,4.53486,4.53486,3.81363,,611.487,599.725,2201.36,2159.01,0.7625,2031.75,19.1228,39.0293,778.75,782.5,0.297956,595.913,0.016741,33.482,19.901,39802,620.647,-1.69447,-6.19093e-12,0.0497499,3.14079,7194.95
18,0,0.001,12.6739,2000,3.94891,3.94891,3.89622,,530.509,516.913,1909.83,1860.88,0.5375,1853.39,49.1553,69.6676,778.75,782.5,0.257113,514.225,0.0107033,21.4067,20.5058,41011.5,539.472,-0.88254,-2.83564e-11,0.0843961,3.2111,7599.19
19,0,0.001,12.9465,2000,4.14798,4.14798,3.72478,,585.106,571.566,2106.38,2057.64,0.9625,1936.13,31.0929,52.2592,778.75,782.5,0.283377,566.753,0.012646,25.2919,21.1601,42320.2,593.909,-1.26386,1.09565e-11,0.0529258,3.3084,8003.51
20,0,0.001,12.1353,2000,4.7999,4.7999,3.86394,,618.875,607.609,2227.95,2187.39,0.875,2099.49,15.2211,34.3459,778.75,782.5,0.301617,603.234,0.0136028,27.2056,19.1196,38239.2,627.791,-1.38075,-4.1302e-12,0.0520778,5.33216,8400.93
21,0,0.001,12.6997,2000,4.00159,4.00159,3.88862,,545.941,532.447,1965.39,1916.81,0.78125,1878.57,43.4054,63.976,778.75,782.5,0.26427,528.541,0.00908021,18.1604,20.5642,41128.4,554.894,-0.777444,6.46348e-11,0.0811765,3.30517,8808.31
22,0,0.001,14.2273,2000,3.43598,3.43598,3.40927,,547.406,530.225,1970.66,1908.81,1.16875,1728.24,48.2986,72.6391,778.75,782.5,0.262191,524.381,0.00854051,17.081,24.3325,48665.1,556.55,-0.823538,3.27458e-12,0.0517127,3.60405,9229.09
23,0,0.001,12.4817,2000,4.24856,4.24856,3.90792,,570.031,557.297,2052.11,2006.27,0.68125,1957.17,33.7231,53.7317,778.75,782.5,0.276945,553.891,0.00959214,19.1843,20.0026,40005.3,578.944,-0.863635,2.80597e-11,0.0737807,3.28263,9634.37
24,0,0.001,12.4045,2000,4.24724,4.24724,3.89754,,559.656,547.909,2014.76,1972.47,0.61875,2010.18,39.0927,59.0044,778.75,782.5,0.272408,544.816,0.0087681,17.5362,19.9062,39812.3,568.609,-0.755693,5.80329e-11,0.0741389,3.45928,10037.7
25,0,0.001,12.1843,2000,4.63341,4.63341,3.89976,,603.581,592.647,2172.89,2133.53,0.7125,2089.48,22.6127,41.8798,778.75,782.5,0.294542,589.084,0.0106908,21.3817,19.262,38524.1,612.606,-1.08002,-1.07455e-11,0.0523332,3.16451,10439.3
26,0,0.001,11.8291,2000,4.83928,4.83928,3.95647,,605.85,595.922,2181.06,2145.32,0.4875,2140.88,21.0474,39.5683,778.75,782.5,0.296742,593.484,0.0105582,21.1164,18.5162,37032.3,614.884,-1.05898,1.02557e-11,0.0550908,3.17478,10835.6
27,0,0.001,11.9532,2000,4.77495,4.77495,3.9223,,609.406,598.516,2193.86,2154.66,0.5625,2073,19.6375,38.4786,778.75,782.5,0.297852,595.703,0.0103536,20.7072,18.8359,37671.8,618.341,-1.04456,5.94669e-12,0.05439,3.169,11239.7
28,0,0.001,11.975,2000,4.78677,4.78677,3.93313,,607.731,597.384,2187.83,2150.58,0.5375,2131.95,20.1647,39.0009,778.75,782.5,0.297348,594.697,0.0100057,20.0115,18.8312,37662.5,616.741,-1.00859,4.65855e-12,0.057052,3.18507,11645.1
29,0,0.001,12.7343,2000,4.31526,4.31526,3.78662,,598.522,586.062,2154.68,2109.82,0.7625,1988.15,25.1724,45.7889,778.75,782.5,0.291125,582.25,0.00910308,18.2062,20.6107,41221.4,607.544,-0.929376,-4.56475e-12,0.0524098,3.33579,12054.6
30,0,0.001,12.0234,2000,4.83478,4.83478,3.91264,,611.844,601.131,2202.64,2164.07,0.525,2103.62,18.1953,36.9311,778.75,782.5,0.299253,598.506,0.00972326,19.4465,18.7306,37461.2,620.716,-0.983524,2.6772e-12,0.0567574,4.74824,12461.2
31,0,0.001,12.0241,2000,4.80235,4.80235,3.92691,,610.241,599.569,2196.87,2158.45,0.55,2117.63,18.9171,37.7672,778.75,782.5,0.298409,596.819,0.00942177,18.8435,18.845,37689.9,619.147,-0.956251,-4.0507e-12,0.0574673,3.27533,12864.4
32,0,0.001,12.4439,2000,4.55392,4.55392,3.86409,,606.666,595.203,2184,2142.73,0.7875,2064.98,21.1186,40.8072,778.75,782.5,0.295633,591.266,0.00891668,17.8334,19.6833,39366.6,615.641,-0.913979,-1.33947e-12,0.055061,3.34231,13276.1
33,0,0.001,12.1056,2000,4.61386,4.61386,3.96809,,588.822,578.106,2119.76,2081.18,0.4875,2069.44,28.3007,47.2817,778.75,782.5,0.287834,575.669,0.00791828,15.8366,18.976,37951.9,597.797,-0.756458,-2.30596e-11,0.0681567,3.20582,13680.4
34,0,0.001,12.4386,2000,4.5484,4.5484,3.84165,,609.547,597.55,2194.37,2151.18,0.80625,2034.78,19.7297,39.5119,778.75,782.5,0.296759,593.519,0.00869601,17.392,19.7766,39553.2,618.4,-0.899384,-1.35775e-12,0.0542598,4.73253,14090.7
35,0,0.001,12.1802,2000,4.74485,4.74485,3.85408,,619.163,607.828,2228.99,2188.18,0.6375,2072.25,15.1058,34.2778,778.75,782.5,0.30232,604.641,0.00913748,18.275,19.1667,38333.4,627.997,-0.945527,-1.32515e-12,0.0556036,3.15682,14497.5
36,0,0.001,12.0869,2000,4.77601,4.77601,3.89212,,613.056,601.987,2207,2167.15,0.71875,2097.45,17.2292,36.1732,778.75,782.5,0.299197,598.394,0.00862422,17.2484,18.9388,37877.7,621.919,-0.87836,5.85348e-12,0.0597353,3.22241,14905
37,0,0.001,12.2204,2000,4.77113,4.77113,3.83302,,621.978,610.606,2239.12,2198.18,0.84375,2093.88,14.1962,33.5205,778.75,782.5,0.303194,606.388,0.0089004,17.8008,19.3191,38638.1,630.934,-0.929581,-3.11518e-12,0.0557067,3.17272,15318
38,0,0.001,12.2099,2000,4.75619,4.75619,3.85344,,620.5,609.478,2233.8,2194.12,0.875,2100.4,14.5005,33.7257,778.75,782.5,0.302552,605.103,0.00868973,17.3795,19.2201,38440.2,629.547,-0.908834,-3.61741e-12,0.0548689,3.2935,15729.4
39,0,0.001,11.9604,2000,4.82979,4.82979,3.89193,,614.172,603.597,2211.02,2172.95,0.6375,2129.86,17.1923,35.9853,778.75,782.5,0.300205,600.409,0.0083173,16.6346,18.788,37576.1,623.041,-0.852309,-1.29467e-12,0.059702,3.36649,16155.3
40,0,0.001,12.288,2000,4.7143,4.7143,3.85222,,616.072,604.984,2217.86,2177.94,0.725,2100.14,16.8487,36.1054,778.75,782.5,0.30068,601.359,0.0082237,16.4474,19.2516,38503.1,625.022,-0.859179,5.63567e-12,0.0545209,4.86256,16567.1
41,0,0.001,12.3654,2000,4.65615,4.65615,3.8292,,616.503,605.019,2219.41,2178.07,0.94375,2086.57,16.8372,36.4391,778.75,782.5,0.30015,600.3,0.00802913,16.0583,19.5967,39193.3,625.519,-0.847716,6.77942e-12,0.0542232,3.22624,16982.9
42,0,0.001,12.226,2000,4.72803,4.72803,3.83755,,621.462,610.028,2237.26,2196.1,0.64375,2067.43,14.063,33.3978,778.75,782.5,0.303405,606.809,0.00830221,16.6044,19.3294,38658.7,630.306,-0.86687,1.47662e-11,0.05581,3.22695,17400.1
43,0,0.001,12.1446,2000,4.71599,4.71599,3.89976,,603.1,592.038,2171.16,2131.34,0.8,2088.81,21.4204,40.4812,778.75,782.5,0.294019,588.038,0.00706146,14.1229,19.0557,38111.4,612.106,-0.699419,3.63584e-11,0.065257,3.30455,17819.4
44,0,0.001,12.3127,2000,4.67946,4.67946,3.83947,,614.791,603.178,2213.25,2171.44,0.7875,2089.48,17.3553,36.8236,778.75,782.5,0.29962,599.241,0.00762712,15.2542,19.4629,38925.8,623.569,-0.806984,5.97395e-12,0.055561,3.83762,18233.5
45,0,0.001,12.0547,2000,4.8183,4.8183,3.88507,,611.375,601.059,2200.95,2163.81,0.63125,2124.96,18.2594,37.0621,778.75,782.5,0.298952,597.903,0.00745576,14.9115,18.7979,37595.8,620.553,-0.761912,-2.83743e-11,0.0620565,3.30686,18648.1
46,0,0.001,12.3928,2000,4.65663,4.65663,3.81502,,616.416,604.703,2219.1,2176.93,0.75,2053.88,16.8271,36.4613,778.75,782.5,0.300477,600.953,0.00754252,15.085,19.6288,39257.5,625.375,-0.800619,-7.32309e-12,0.0551007,3.25688,19068.2
47,0,0.001,12.3426,2000,4.61833,4.61833,3.86898,,607.1,595.847,2185.56,2145.05,0.75625,2073.86,20.5831,40.0633,778.75,782.5,0.296033,592.066,0.00688719,13.7744,19.475,38950,616.144,-0.68803,1.78176e-12,0.064563,3.3335,19491.2
48,0,0.001,12.4017,2000,4.69059,4.69059,3.80226,,622.241,609.722,2240.07,2195,1.08125,2017.02,14.0484,33.7807,778.75,782.5,0.302158,604.316,0.00753123,15.0625,19.7266,39453.2,631.288,-0.804686,1.69117e-11,0.0564742,3.31837,19915.4
49,0,0.001,12.4805,2000,4.662,4.662,3.7873,,623.178,610.975,2243.44,2199.51,1.03125,2056.18,13.6399,33.5256,778.75,782.5,0.302909,605.819,0.0075497,15.0994,19.8801,39760.2,632.184,-0.811048,-5.13475e-12,0.0546609,3.52364,20338.7
50,0,0.001,13.2551,2000,3.72508,3.72508,3.79768,,531.981,517.997,1915.13,1864.79,0.8375,1871.44,49.1214,70.7133,778.75,782.5,0.256905,513.809,0.00162958,3.25916,21.5853,43170.6,540.925,-0.0169834,3.4748e-12,0.0925954,5.27363,20774.2
51,0,0.001,12.3673,2000,4.71835,4.71835,3.81076,,623.734,611.675,2245.44,2202.03,0.8875,2051.49,12.9788,32.6015,778.75,782.5,0.303619,607.237,0.0074902,14.9804,19.617,39234.1,632.684,-0.79706,-1.96116e-12,0.0578292,3.28888,21198.9
52,0,0.001,12.6574,2000,4.48318,4.48318,3.8238,,607.112,594.556,2185.61,2140.4,0.95625,2010.04,20.7694,40.9639,778.75,782.5,0.294888,589.775,0.00628816,12.5763,20.1887,40377.4,616.031,-0.628558,-1.47001e-11,0.0659246,3.32878,21627.9
53,0,0.001,12.8653,2000,4.40711,4.40711,3.74289,,610.681,597.263,2198.45,2150.15,1.19375,1989.5,19.2534,40.0374,778.75,782.5,0.295647,591.294,0.00631064,12.6213,20.7779,41555.7,619.675,-0.687922,1.80834e-12,0.0539408,3.38263,22058.1
54,0,0.001,12.5347,2000,4.64169,4.64169,3.7831,,622.612,609.947,2241.4,2195.81,0.9875,2031.9,13.8174,33.8665,778.75,782.5,0.302505,605.009,0.00711478,14.2296,20.0432,40086.4,631.475,-0.772578,2.17681e-12,0.053809,3.29519,22488.7
55,0,0.001,12.3831,2000,4.72892,4.72892,3.81874,,623.566,611.587,2244.84,2201.72,1.10625,2069.6,12.9738,32.5829,778.75,782.5,0.303028,606.056,0.00709534,14.1907,19.6036,39207.3,632.612,-0.767997,2.36492e-12,0.0563331,3.30393,22913.4
56,0,0.001,12.6668,2000,4.55422,4.55422,3.77257,,620.375,607.875,2233.35,2188.35,0.86875,2020.6,14.8218,35.0804,778.75,782.5,0.301766,603.531,0.00687919,13.7584,20.2528,40505.6,629.35,-0.74413,1.17507e-12,0.0550179,3.35079,23344.5
57,0,0.001,12.9481,2000,4.07356,4.07356,3.84741,,565.044,551.294,2034.16,1984.66,0.95,1890.94,35.0592,55.8558,778.75,782.5,0.273272,546.544,0.00305897,6.11794,20.7902,41580.3,574.222,-0.200793,4.16777e-11,0.0841431,3.42018,23780.9
58,0,0.001,15.847,2000,2.84273,2.84273,2.84847,,491.772,467.819,1770.38,1684.15,1.7375,1483.22,70.0977,98.267,778.75,782.5,0.229566,459.131,-0.00248217,-4.96434,28.1582,56316.4,500.663,0.3258,7.39914e-12,0.0503639,4.17199,24249.3
59,0,0.001,12.5745,2000,4.72036,4.72036,3.79504,,625.084,613.094,2250.3,2207.14,0.975,2068.88,12.3679,32.1248,778.75,782.5,0.304109,608.219,0.00708518,14.1704,19.7514,39502.8,634.053,-0.769633,3.6787e-12,0.0565279,3.51535,24680
60,0,0.001,12.4065,2000,4.6996,4.6996,3.8225,,618.791,606.781,2227.65,2184.41,1.04375,2090.22,15.0432,34.6789,778.75,782.5,0.300781,601.562,0.00658085,13.1617,19.6302,39260.5,627.603,-0.701678,7.86094e-12,0.0617149,4.76983,25110.6
61,0,0.001,12.6637,2000,4.55321,4.55321,3.79759,,617.181,604.9,2221.85,2177.64,0.99375,2034.78,16.2432,36.3292,778.75,782.5,0.299966,599.931,0.00642156,12.8431,20.0803,40160.6,626.244,-0.699323,2.12737e-12,0.0557845,3.3669,25547.1
62,0,0.001,12.3259,2000,4.77649,4.77649,3.83545,,624.3,612.591,2247.48,2205.33,0.93125,2081.33,12.6225,31.9937,778.75,782.5,0.303967,607.934,0.00688736,13.7747,19.3658,38731.7,633.178,-0.744713,1.88567e-11,0.0577769,3.30482,25975.9
63,0,0.001,12.3926,2000,4.73119,4.73119,3.82147,,625.056,613.059,2250.2,2207.01,1.025,2057.74,12.4701,32.0308,778.75,782.5,0.303967,607.934,0.00681005,13.6201,19.5552,39110.5,633.953,-0.741869,-7.97384e-12,0.0551078,3.35677,26407
64,0,0.001,12.3335,2000,4.77971,4.77971,3.84135,,622.684,611.419,2241.66,2201.11,0.7875,2085.14,13.409,32.6612,778.75,782.5,0.303741,607.481,0.0067352,13.4704,19.247,38494,631.663,-0.72662,-1.20004e-12,0.0562579,3.33833,26838.1
65,0,0.001,12.2809,2000,4.77719,4.77719,3.8465,,623.431,612.528,2244.35,2205.1,0.70625,2108.53,13.3676,32.59,778.75,782.5,0.304498,608.997,0.00678456,13.5691,19.2172,38434.4,632.416,-0.730969,-3.52998e-12,0.0552026,3.31741,27268.9
66,0,0.001,12.2315,2000,4.7885,4.7885,3.87142,,620.747,609.869,2234.69,2195.53,0.69375,2111.74,14.3934,33.4867,778.75,782.5,0.3032,606.4,0.00654917,13.0983,19.0882,38176.5,629.656,-0.697264,1.65278e-12,0.0566229,3.30223,27696.6
67,0,0.001,12.1894,2000,4.83058,4.83058,3.87943,,618.8,607.881,2227.68,2188.37,0.65,2094.46,15.2391,34.1806,778.75,782.5,0.302316,604.631,0.00638332,12.7666,18.9364,37872.7,627.728,-0.675706,2.17194e-13,0.0581464,3.28775,28126.4
68,0,0.001,12.1659,2000,4.84202,4.84202,3.8778,,619.984,609.281,2231.94,2193.41,0.69375,2107.34,14.8017,33.7598,778.75,782.5,0.302906,605.812,0.00640293,12.8059,18.9531,37906.2,629.066,-0.682313,1.00053e-11,0.0569853,3.41291,28554.3
69,0,0.001,12.5282,2000,4.69273,4.69273,3.83685,,622.438,610.587,2240.78,2198.12,0.85625,2053.78,13.8203,33.3937,778.75,782.5,0.303153,606.306,0.00636192,12.7238,19.5678,39135.7,631.388,-0.697889,5.22535e-12,0.0525609,3.62775,28987.7
70,0,0.001,12.2456,2000,4.80939,4.80939,3.85076,,623.837,612.644,2245.82,2205.52,0.75,2091.94,12.7003,31.9091,778.75,782.5,0.304447,608.894,0.00646946,12.9389,19.2036,38407.2,632.753,-0.701268,4.51209e-12,0.0554444,4.9884,29419.5
71,0,0.001,12.3077,2000,4.79915,4.79915,3.83657,,624.619,613.05,2248.63,2206.98,0.9625,2094.51,12.6178,31.9359,778.75,782.5,0.304119,608.237,0.00635031,12.7006,19.3128,38625.6,633.594,-0.698401,-1.12487e-11,0.0554689,3.30375,29852
72,0,0.001,12.3065,2000,4.76936,4.76936,3.84051,,624.034,612.566,2246.52,2205.24,0.8375,2091.84,12.6438,32.0077,778.75,782.5,0.304189,608.378,0.00633159,12.6632,19.3586,38717.2,632.916,-0.689709,8.4435e-12,0.0553233,3.30731,30287.6
73,0,0.001,12.5188,2000,4.66886,4.66886,3.81437,,623.991,611.816,2246.37,2202.54,0.8,2029.88,13.2062,33.0038,778.75,782.5,0.303908,607.816,0.0062519,12.5038,19.7919,39583.8,632.816,-0.690659,3.21138e-12,0.0519191,3.39233,30718.8
74,0,0.001,12.2928,2000,4.75804,4.75804,3.8501,,616.625,604.972,2219.85,2177.9,0.9,2080.16,15.6529,34.995,778.75,782.5,0.300236,600.472,0.00563908,11.2782,19.3367,38673.4,625.553,-0.593462,5.49805e-12,0.0589629,3.36982,31149
75,0,0.001,12.4328,2000,4.73971,4.73971,3.81852,,626.259,614.544,2254.53,2212.36,0.94375,2087.58,12.2836,31.9328,778.75,782.5,0.304913,609.825,0.00626396,12.5279,19.6438,39287.6,635.253,-0.696174,-2.95602e-12,0.0526392,3.32736,31584.1
76,0,0.001,12.4626,2000,4.67672,4.67672,3.83616,,620.781,608.975,2234.81,2192.31,0.84375,2051.47,13.9295,33.6201,778.75,782.5,0.302378,604.756,0.00586562,11.7312,19.6851,39370.2,629.797,-0.633294,4.7409e-11,0.0557524,3.42643,32024.1
77,0,0.001,12.4606,2000,4.71458,4.71458,3.81426,,626.881,614.987,2256.77,2213.96,0.8375,2043.88,11.5482,31.1943,778.75,782.5,0.3054,610.8,0.00623472,12.4694,19.6405,39281.1,635.931,-0.690865,-6.61619e-12,0.0517564,3.66036,32456.1
78,0,0.001,12.4315,2000,4.75018,4.75018,3.81723,,626.931,615.572,2256.95,2216.06,0.86875,2103.21,11.7009,31.2685,778.75,782.5,0.305614,611.228,0.00621795,12.4359,19.5623,39124.6,636.025,-0.685483,-2.29867e-12,0.0514736,3.41014,32894.5
79,0,0.001,12.6636,2000,4.34939,4.34939,3.85545,,588.375,575.303,2118.15,2071.09,0.84375,1960.81,27.1874,47.4999,778.75,782.5,0.285542,571.084,0.00327755,6.55511,20.3064,40612.8,597.294,-0.265358,2.68203e-11,0.0699755,4.90428,33336.8
80,0,0.001,14.0648,2000,3.65521,3.65521,3.51185,,564.163,547.694,2030.99,1971.7,1.0375,1765.05,40.5681,64.0662,778.75,782.5,0.271253,542.506,0.00121294,2.42587,23.4903,46980.6,573.15,-0.132293,2.65433e-12,0.0534981,3.66226,33789.5
81,0,0.001,12.5301,2000,4.53395,4.53395,3.88159,,599.906,588.237,2159.66,2117.65,0.65625,2028.39,22.487,42.1898,778.75,782.5,0.292478,584.956,0.0042351,8.4702,19.6973,39394.5,608.9,-0.39455,4.27147e-11,0.0652314,3.4344,34229.4
82,0,0.001,12.8205,2000,4.44121,4.44121,3.80285,,614.181,602.031,2211.05,2167.31,0.81875,2015.68,17.9295,38.3271,778.75,782.5,0.298969,597.938,0.00514802,10.296,20.3919,40783.9,623.275,-0.581104,9.52091e-12,0.0510662,3.49481,34669.8
83,0,0.001,12.35,2000,4.77455,4.77455,3.84651,,625.406,614.013,2251.46,2210.45,0.875,2090.76,12.0947,31.4792,778.75,782.5,0.304819,609.638,0.00593985,11.8797,19.3792,38758.5,634.394,-0.664809,3.01205e-12,0.0516974,3.42336,35104.1
84,0,0.001,12.33,2000,4.7644,4.7644,3.86816,,622.419,611.247,2240.71,2200.49,0.5375,2070.18,13.4324,32.6701,778.75,782.5,0.30428,608.559,0.00586035,11.7207,19.2324,38464.7,631.372,-0.634356,-1.05463e-11,0.0548189,3.39237,35539.8
85,0,0.001,12.4372,2000,4.75082,4.75082,3.85266,,624.397,613.228,2247.83,2207.62,0.70625,2089.3,12.6907,32.0425,778.75,782.5,0.304848,609.697,0.00588668,11.7734,19.3466,38693.1,633.334,-0.654397,-8.82903e-12,0.0513709,3.40458,35982.7
86,0,0.001,12.2947,2000,4.76996,4.76996,3.87924,,619.172,608.028,2229.02,2188.9,0.71875,2094.71,15.1106,34.3549,778.75,782.5,0.302217,604.434,0.00545053,10.9011,19.2391,38478.2,628.116,-0.586343,-6.34119e-13,0.0547699,3.44764,36420.1
87,0,0.001,12.3722,2000,4.74192,4.74192,3.85247,,624.8,613.409,2249.28,2208.27,0.75625,2080.19,12.8331,32.2811,778.75,782.5,0.304814,609.628,0.00578715,11.5743,19.4428,38885.5,633.7,-0.646846,-1.67874e-12,0.0498582,3.52746,36862.8
88,0,0.001,12.5474,2000,4.7052,4.7052,3.89692,,613.575,602.725,2208.87,2169.81,0.59375,2117.78,16.8965,36.1768,778.75,782.5,0.299878,599.756,0.00501506,10.0301,19.2752,38550.4,622.559,-0.528228,2.81813e-12,0.0574978,4.97707,37307.6
89,0,0.001,12.3685,2000,4.77377,4.77377,3.85967,,624.069,612.916,2246.65,2206.5,0.70625,2095.66,12.6596,31.9847,778.75,782.5,0.304692,609.384,0.00570807,11.4161,19.3199,38639.8,633.016,-0.636028,-8.92738e-13,0.0509853,4.73033,37752.1
90,0,0.001,12.3404,2000,4.80957,4.80957,3.8538,,626.181,614.962,2254.25,2213.87,0.78125,2095.33,11.8977,31.1735,778.75,782.5,0.305528,611.056,0.00578293,11.5659,19.2706,38541.3,635.297,-0.64481,1.30176e-11,0.0502797,3.51933,38192.4
91,0,0.001,12.401,2000,4.7559,4.7559,3.83968,,626.153,614.691,2254.15,2212.89,0.725,2082.64,11.8537,31.3216,778.75,782.5,0.305533,611.066,0.00574683,11.4937,19.4625,38925,635.106,-0.644533,-1.82654e-12,0.0501987,3.36754,38636.3
92,0,0.001,12.3906,2000,4.7741,4.7741,3.83791,,626.05,614.266,2253.78,2211.36,0.83125,2071.42,11.8797,31.3144,778.75,782.5,0.305055,610.109,0.00561815,11.2363,19.4292,38858.4,634.822,-0.632714,-1.29001e-11,0.051579,3.35443,39084.1
93,0,0.001,12.5546,2000,4.47467,4.47467,3.89562,,596.028,583.991,2145.7,2102.37,0.75625,2015.69,23.9059,43.688,778.75,782.5,0.290105,580.209,0.00329808,6.59616,19.7765,39553,604.953,-0.30107,-4.20157e-11,0.067135,3.43332,39526.6
94,0,0.001,12.5905,2000,4.4856,4.4856,3.88046,,600.378,588.175,2161.36,2117.43,0.81875,2027.82,22.4964,42.3964,778.75,782.5,0.292041,584.081,0.00352738,7.05477,19.8943,39788.6,609.328,-0.33871,2.72045e-11,0.0659779,3.42455,39972.5
95,0,0.001,12.658,2000,4.68288,4.68288,3.81422,,627.084,615.091,2257.5,2214.33,0.775,2048.37,11.1807,30.9474,778.75,782.5,0.305608,611.216,0.00560119,11.2024,19.7611,39522.3,635.947,-0.63524,1.61967e-11,0.0516316,3.56899,40418.3
96,0,0.001,12.5636,2000,4.70784,4.70784,3.82736,,626.681,615.194,2256.05,2214.7,0.825,2077.29,11.611,31.2113,778.75,782.5,0.305534,611.069,0.00555521,11.1104,19.595,39190.1,635.716,-0.626286,3.16616e-12,0.0522324,3.71463,40869.9
97,0,0.001,12.6832,2000,4.59261,4.59261,3.81151,,623.744,611.459,2245.48,2201.25,0.91875,2038.39,13.0631,33.1507,778.75,782.5,0.303433,606.866,0.00518139,10.3628,20.0819,40163.7,632.678,-0.600186,-7.35131e-12,0.0496195,5.2274,41321.1
98,0,0.001,12.5192,2000,4.73107,4.73107,3.82942,,627.694,615.619,2259.7,2216.23,0.89375,2038.84,11.4009,31.0517,778.75,782.5,0.305575,611.15,0.00547594,10.9519,19.6452,39290.5,636.694,-0.626545,-3.09675e-12,0.0500113,5.03354,41776.5
99,0,0.001,12.87,2000,4.56347,4.56347,3.83262,,615.444,603.406,2215.6,2172.26,0.775,2059.36,17.0523,37.109,778.75,782.5,0.299766,599.531,0.00454387,9.08774,20.0511,40102.2,624.278,-0.483083,-1.39229e-11,0.0583013,3.45518,42227.9
100,0,0.001,14.7742,2000,3.36442,3.36442,3.34049,,543.934,524.872,1958.16,1889.54,1.50625,1677.38,48.9167,74.0159,778.75,782.5,0.25867,517.341,-0.00179498,-3.58997,25.0904,50180.8,552.841,0.174872,-2.53076e-12,0.0533453,3.89235,42708.2
101,0,0.001,13.0547,2000,4.08614,4.08614,3.85192,,569.828,556.384,2051.38,2002.98,0.7625,1909.88,34.7815,55.7896,778.75,782.5,0.276286,552.572,0.000876993,1.75399,21.0018,42003.5,578.737,0.039871,2.05845e-11,0.077171,3.62724,43158.6
102,0,0.001,15.9219,2000,2.86345,2.86345,2.92749,,501.372,478.562,1804.94,1722.83,1.4125,1498.15,67.4819,95.4075,778.75,782.5,0.23575,471.5,-0.00521673,-10.4335,27.9149,55829.7,510.363,0.591896,-1.79949e-12,0.0495429,4.19714,43641.3
103,0,0.001,12.7161,2000,4.62441,4.62441,3.82487,,624.266,612.388,2247.36,2204.59,0.8375,2068.49,12.864,32.8345,778.75,782.5,0.3041,608.2,0.00520494,10.4099,19.965,39930,633.194,-0.601516,3.47764e-12,0.0494331,3.57342,44089.6
104,0,0.001,12.5159,2000,4.68651,4.68651,3.8322,,627.65,616.078,2259.54,2217.88,0.7625,2079.9,11.2298,30.9483,778.75,782.5,0.306133,612.266,0.00548669,10.9734,19.7131,39426.1,636.556,-0.626005,1.06632e-11,0.049607,3.52809,44543.5
105,0,0.001,12.607,2000,4.69836,4.69836,3.82649,,627.797,616.003,2260.07,2217.61,0.9,2066.32,11.1033,30.8859,778.75,782.5,0.305752,611.503,0.00537581,10.7516,19.7772,39554.4,636.862,-0.618969,4.35508e-12,0.0498733,3.67859,44986.9
106,0,0.001,12.3824,2000,4.69712,4.69712,3.8798,,615.878,604.916,2217.16,2177.7,0.725,2123.89,16.5468,36.0793,778.75,782.5,0.300645,601.291,0.00456454,9.12908,19.5273,39054.7,624.85,-0.484177,5.02489e-12,0.0567864,5.10398,45430.8
107,0,0.001,12.4696,2000,4.74676,4.74676,3.86057,,626.328,615.359,2254.78,2215.29,0.625,2097.35,11.8024,31.2872,778.75,782.5,0.306117,612.234,0.00541428,10.8286,19.4797,38959.4,635.409,-0.61344,-8.0821e-12,0.0499264,3.47958,45880
108,0,0.001,12.4996,2000,4.75318,4.75318,3.84478,,627.756,615.941,2259.92,2217.39,0.79375,2056.46,11.0024,30.5679,778.75,782.5,0.305986,611.972,0.00533051,10.661,19.56,39119.9,636.659,-0.612047,-2.45972e-12,0.0501728,5.49202,46332.5
109,0,0.001,12.5244,2000,4.70385,4.70385,3.86429,,621.247,609.572,2236.49,2194.46,0.76875,2057.73,14.3868,33.9581,778.75,782.5,0.302864,605.728,0.00481471,9.62942,19.5658,39131.7,630.15,-0.528913,-5.78664e-12,0.0541285,3.54313,46779.6
110,0,0.001,12.3825,2000,4.76921,4.76921,3.84833,,627.059,615.519,2257.41,2215.87,0.7875,2085.72,11.1872,30.6913,778.75,782.5,0.305791,611.581,0.00525006,10.5001,19.4987,38997.4,635.919,-0.601351,-5.59906e-12,0.0501369,3.38736,47226.8
111,0,0.001,12.3809,2000,4.77763,4.77763,3.88119,,625.247,614.087,2250.89,2210.72,0.65,2073.22,12.3016,31.6243,778.75,782.5,0.305419,610.837,0.00515663,10.3133,19.3175,38635,634.206,-0.585815,3.25546e-12,0.051704,3.43173,47667.3
112,0,0.001,12.4456,2000,4.75206,4.75206,3.8824,,618.216,606.591,2225.58,2183.73,0.80625,2068.77,15.6877,35.0292,778.75,782.5,0.30128,602.559,0.00448831,8.97663,19.3361,38672.2,627.175,-0.491663,8.78765e-12,0.0540828,3.44629,48119.7
113,0,0.001,12.5278,2000,4.75387,4.75387,3.83767,,627.906,616.697,2260.46,2220.11,0.8,2094.81,11.1161,30.6284,778.75,782.5,0.306348,612.697,0.00525207,10.5041,19.5071,39014.3,636.969,-0.604838,6.97224e-12,0.0488557,3.56881,48564.3
114,0,0.001,12.4943,2000,4.72398,4.72398,3.85687,,625.438,614,2251.57,2210.4,0.7,2071.76,11.9423,31.4504,778.75,782.5,0.30525,610.5,0.00506671,10.1334,19.5028,39005.6,634.394,-0.575898,-1.24281e-11,0.0506364,3.53905,49015.3
115,0,0.001,12.4927,2000,4.76242,4.76242,3.8448,,627.581,616.272,2259.29,2218.58,0.8625,2114.3,11.3631,30.876,778.75,782.5,0.30598,611.959,0.00513168,10.2634,19.5077,39015.3,636.478,-0.597841,-8.28921e-12,0.0487799,4.06858,49461.9
116,0,0.001,12.4466,2000,4.77208,4.77208,3.86554,,627.694,616.147,2259.7,2218.13,0.79375,2099.28,11.5456,30.8791,778.75,782.5,0.306089,612.178,0.00513781,10.2756,19.3281,38656.1,636.447,-0.592812,-1.52357e-11,0.0503295,3.47425,49903.8
117,0,0.001,12.463,2000,4.77626,4.77626,3.85246,,626.672,615.519,2256.02,2215.87,0.6875,2113.81,11.6885,31.04,778.75,782.5,0.306041,612.081,0.00510507,10.2101,19.3463,38692.6,635.5,-0.584843,-1.19941e-11,0.050977,3.4321,50351.4
118,0,0.001,12.5665,2000,4.7249,4.7249,3.8575,,626.438,614.966,2255.18,2213.88,0.60625,2059.35,11.7751,31.2862,778.75,782.5,0.305967,611.934,0.00507197,10.1439,19.5057,39011.3,635.375,-0.582065,5.9325e-12,0.0502031,4.65161,50805.9
119,0,0.001,12.598,2000,4.71106,4.71106,3.83195,,627.525,615.712,2259.09,2216.57,0.84375,2063.01,11.4277,31.1427,778.75,782.5,0.305747,611.494,0.00497676,9.95351,19.7095,39419.1,636.562,-0.581966,2.61742e-12,0.0485458,3.59075,51252.1
120,0,0.001,12.6835,2000,4.63452,4.63452,3.83977,,621.091,609.194,2235.93,2193.1,0.9,2052.67,13.6532,33.5035,778.75,782.5,0.302347,604.694,0.00436961,8.73922,19.8447,39689.5,630.013,-0.498036,7.36616e-12,0.0543752,3.49317,51702.6
121,0,0.001,12.9332,2000,4.47619,4.47619,3.78944,,619.281,606.337,2229.41,2182.82,1.05,1993.04,15.209,35.7217,778.75,782.5,0.300544,601.087,0.00406123,8.12245,20.5068,41013.5,628.275,-0.497629,4.81139e-12,0.046969,3.61439,52150.2
122,0,0.001,12.7595,2000,4.67879,4.67879,3.81718,,628.197,616.491,2261.51,2219.37,0.725,2063.79,11.1864,31.0221,778.75,782.5,0.306433,612.866,0.0050213,10.0426,19.8302,39660.3,637.216,-0.585782,-5.94449e-12,0.0479939,3.55028,52603.6
123,0,0.001,12.5453,2000,4.71528,4.71528,3.83128,,627.572,616.056,2259.26,2217.8,0.80625,2079.09,11.2962,30.9701,778.75,782.5,0.306013,612.025,0.00490797,9.81593,19.6686,39337.1,636.584,-0.570899,4.7621e-12,0.0478975,3.62215,53056.1
124,0,0.001,12.487,2000,4.70902,4.70902,3.85475,,624.253,612.491,2247.31,2204.97,0.68125,2037.59,12.3103,31.9066,778.75,782.5,0.304542,609.084,0.00466754,9.33507,19.5908,39181.5,633.234,-0.532496,1.06452e-11,0.0495501,5.0089,53509.4
125,0,0.001,12.6747,2000,4.67679,4.67679,3.82676,,627.103,615.481,2257.57,2215.73,0.775,2081.03,11.3937,31.1834,778.75,782.5,0.305803,611.606,0.00485573,9.71146,19.7843,39568.6,636.056,-0.568276,1.02339e-11,0.0462836,3.4732,53957.3
126,0,0.001,12.4431,2000,4.74979,4.74979,3.87251,,623.834,612.284,2245.8,2204.22,0.76875,2054,12.7914,32.2365,778.75,782.5,0.30422,608.441,0.00454268,9.08536,19.4397,38879.4,632.897,-0.521883,-2.56914e-11,0.0494451,3.4589,54400.8
127,0,0.001,12.8054,2000,4.59575,4.59575,3.82268,,623.391,611.125,2244.21,2200.05,0.80625,2021.5,13.4312,33.4684,778.75,782.5,0.303547,607.094,0.00442297,8.84595,20.0315,40063,632.425,-0.529727,5.90826e-12,0.045852,3.55134,54854.7
128,0,0.001,12.425,2000,4.75667,4.75667,3.84962,,626.581,615.253,2255.69,2214.91,0.825,2094.65,11.9277,31.3956,778.75,782.5,0.305564,611.128,0.00472872,9.45744,19.4626,38925.3,635.55,-0.551108,-4.2801e-12,0.0484069,4.91794,55302.2
129,0,0.001,12.5083,2000,4.74353,4.74353,3.8699,,623.603,611.978,2244.97,2203.12,0.775,2046.6,12.7977,32.204,778.75,782.5,0.304052,608.103,0.00442814,8.85628,19.4008,38801.7,632.506,-0.51537,1.36635e-11,0.0494658,3.48222,55756
130,0,0.001,12.5445,2000,4.76501,4.76501,3.83398,,628.569,617.087,2262.85,2221.51,0.825,2078.83,10.9299,30.4811,778.75,782.5,0.306481,612.962,0.00483985,9.67969,19.5459,39091.7,637.703,-0.570617,6.69626e-12,0.0459883,3.56058,56202.5
131,0,0.001,12.4837,2000,4.65802,4.65802,3.89229,,614.181,602.194,2211.05,2167.9,0.775,2039.35,16.9835,36.5136,778.75,782.5,0.299159,598.319,0.00359893,7.19785,19.5245,39048.9,623.053,-0.388323,-1.88958e-12,0.053746,3.69059,56650.8
132,0,0.001,12.7945,2000,4.56779,4.56779,3.80365,,621.375,609.178,2236.95,2193.04,0.95625,2052.46,14.4156,34.6304,778.75,782.5,0.302198,604.397,0.00407051,8.14102,20.2092,40418.5,630.384,-0.497929,4.553e-12,0.0459384,3.66669,57106
133,0,0.001,12.5016,2000,4.76389,4.76389,3.84839,,626.403,614.9,2255.05,2213.64,0.8875,2085.46,11.274,30.7274,778.75,782.5,0.305231,610.462,0.00454636,9.09271,19.4481,38896.3,635.459,-0.531006,-2.66145e-13,0.0490023,5.22751,57558.2
134,0,0.001,12.5792,2000,4.72304,4.72304,3.80434,,628.416,616.275,2262.3,2218.59,1,2062.13,10.885,30.6734,778.75,782.5,0.305638,611.275,0.00459075,9.18149,19.7828,39565.7,637.378,-0.559022,-3.22688e-12,0.0462349,3.62071,58015.7
135,0,0.001,12.6098,2000,4.63099,4.63099,3.86755,,616.025,604.181,2217.69,2175.05,0.6625,2056.81,15.7009,35.417,778.75,782.5,0.300434,600.869,0.00371405,7.42811,19.7105,39421,624.994,-0.401796,-4.3611e-11,0.0543474,3.50683,58466.2
136,0,0.001,12.4956,2000,4.75429,4.75429,3.84197,,627.347,616.028,2258.45,2217.7,0.70625,2088.21,11.2262,30.7579,778.75,782.5,0.306248,612.497,0.00468519,9.37037,19.5264,39052.8,636.341,-0.545279,-1.21062e-11,0.0482324,3.46199,58915.9
137,0,0.001,12.364,2000,4.8024,4.8024,3.86011,,626.487,615.047,2255.36,2214.17,0.83125,2094.11,11.5481,30.8555,778.75,782.5,0.305445,610.891,0.00451208,9.02416,19.3021,38604.1,635.375,-0.531022,-1.65047e-12,0.0491183,3.48698,59361.6
138,0,0.001,12.477,2000,4.78524,4.78524,3.85269,,626.822,615.431,2256.56,2215.55,0.7125,2072.63,11.6269,30.9617,778.75,782.5,0.305934,611.869,0.00457873,9.15745,19.3295,38659,635.797,-0.534488,1.06015e-11,0.0492457,4.21768,59816.2
139,0,0.001,12.5161,2000,4.68418,4.68418,3.88702,,616.128,604.828,2218.06,2177.38,0.65,2068.24,16.0507,35.4902,778.75,782.5,0.300789,601.578,0.00370841,7.41681,19.4342,38868.5,625.013,-0.410605,4.96046e-12,0.0549903,3.64731,60266.9
140,0,0.001,12.4842,2000,4.77658,4.77658,3.84484,,627.987,616.519,2260.76,2219.47,0.9125,2096.35,11.28,30.6816,778.75,782.5,0.305978,611.956,0.004528,9.05601,19.3964,38792.7,636.841,-0.540083,2.43945e-12,0.0496259,3.65323,60724.9
141,0,0.001,12.5889,2000,4.7241,4.7241,3.82839,,627.672,615.875,2259.62,2217.15,0.88125,2067.57,11.2538,30.9393,778.75,782.5,0.305734,611.469,0.00445414,8.90827,19.6801,39360.1,636.684,-0.536754,9.10288e-12,0.047013,3.5804,61172
142,0,0.001,12.4919,2000,4.72086,4.72086,3.83624,,626.269,614.631,2254.57,2212.67,0.90625,2078.26,11.6975,31.2864,778.75,782.5,0.30505,610.1,0.00430709,8.61419,19.5836,39167.1,635.25,-0.512504,-8.64151e-12,0.0500569,5.14904,61621.7
143,0,0.001,12.5242,2000,4.7586,4.7586,3.82425,,628.212,616.459,2261.57,2219.25,0.8625,2079.45,11.1456,30.7435,778.75,782.5,0.306073,612.147,0.00447828,8.95655,19.5925,39185,637.081,-0.534048,8.53227e-12,0.0490895,3.5889,62070.3
144,0,0.001,12.7525,2000,4.71234,4.71234,3.81408,,628.438,616.938,2262.38,2220.97,0.98125,2105.55,10.9147,30.7053,778.75,782.5,0.306016,612.031,0.00443517,8.87033,19.7854,39570.7,637.431,-0.541914,5.87503e-13,0.0468695,3.54432,62525.7
145,0,0.001,12.5996,2000,4.73597,4.73597,3.81182,,628.544,616.566,2262.76,2219.64,0.84375,2067.48,10.7205,30.5054,778.75,782.5,0.306173,612.347,0.00444804,8.89608,19.7793,39558.6,637.487,-0.536483,-2.37139e-12,0.0479709,3.46104,62978.5
146,0,0.001,12.8189,2000,4.65457,4.65457,3.80726,,627.728,615.675,2259.82,2216.43,0.93125,2071.31,11.1736,31.1497,778.75,782.5,0.305509,611.019,0.00431984,8.63968,19.9705,39941,636.578,-0.527462,1.73416e-12,0.0462883,3.53202,63438.6
147,0,0.001,12.5431,2000,4.7318,4.7318,3.85688,,624.125,612.266,2246.85,2204.16,0.8375,2055.13,12.5981,32.12,778.75,782.5,0.304039,608.078,0.00404215,8.0843,19.5164,39032.8,633.169,-0.475275,5.59723e-12,0.0502068,4.00904,63889.6
148,0,0.001,12.4748,2000,4.6688,4.6688,3.89069,,613.538,601.981,2208.74,2167.13,0.775,2050.22,17.375,36.8676,778.75,782.5,0.299053,598.106,0.00316065,6.3213,19.4872,38974.4,622.528,-0.350124,1.42826e-11,0.0545871,3.81338,64338.5
149,0,0.001,12.6713,2000,4.7629,4.7629,3.86286,,626.019,614.928,2253.67,2213.74,0.71875,2106.06,11.8293,31.2004,778.75,782.5,0.305667,611.334,0.00431917,8.63835,19.366,38731.9,634.903,-0.513757,9.93602e-12,0.0481982,3.66094,64787.7
150,0,0.001,12.3773,2000,4.76403,4.76403,3.92017,,617.506,606.856,2223.02,2184.68,0.48125,2107.81,15.8288,35.0394,778.75,782.5,0.302225,604.45,0.00373951,7.47902,19.2056,38411.1,626.553,-0.427281,1.44602e-11,0.0537386,3.52033,65244.1
151,0,0.001,12.4574,2000,4.66665,4.66665,3.92884,,611.681,600.841,2202.05,2163.03,0.39375,2072.33,18.7055,38.0472,778.75,782.5,0.299436,598.872,0.00322107,6.44213,19.3365,38673.1,620.638,-0.356137,7.63886e-12,0.0564975,4.98346,65701.8
152,0,0.001,12.7088,2000,4.61674,4.61674,3.85622,,622.131,610.478,2239.67,2197.72,0.65,2049.52,13.9517,33.7475,778.75,782.5,0.303614,607.228,0.0039225,7.845,19.7903,39580.6,631.112,-0.476178,4.96044e-13,0.0488429,3.59689,66157.7
153,0,0.001,12.4209,2000,4.7919,4.7919,3.88308,,625.103,613.913,2250.37,2210.09,0.65,2105.05,12.3988,31.6439,778.75,782.5,0.305331,610.663,0.00420162,8.40323,19.2398,38479.6,633.934,-0.501653,8.81976e-12,0.0493124,3.50728,66612.3
154,0,0.001,12.4069,2000,4.83814,4.83814,3.87141,,626.013,614.9,2253.64,2213.64,0.775,2112.53,11.7603,30.8913,778.75,782.5,0.305513,611.025,0.00420546,8.41092,19.1258,38251.6,634.869,-0.502413,-1.06922e-11,0.0491298,3.54433,67068.6
155,0,0.001,12.4201,2000,4.80052,4.80052,3.85191,,627.941,616.947,2260.59,2221.01,0.64375,2106.09,10.909,30.2139,778.75,782.5,0.306864,613.728,0.00443476,8.86953,19.2998,38599.6,636.919,-0.527186,-3.70174e-12,0.0476975,3.53965,67521.7
156,0,0.001,12.4562,2000,4.81325,4.81325,3.84484,,628.281,617,2261.81,2221.2,0.75,2089.75,11.0261,30.3327,778.75,782.5,0.306625,613.25,0.00436032,8.72064,19.3013,38602.7,637.2,-0.521206,1.45713e-11,0.0478439,3.49513,67980
157,0,0.001,12.4538,2000,4.79358,4.79358,3.86096,,625.05,613.834,2250.18,2209.8,0.78125,2089.89,12.4085,31.6535,778.75,782.5,0.304964,609.928,0.00403759,8.07518,19.2398,38479.7,634.066,-0.482083,-6.75021e-12,0.0489847,3.73915,68432.1
158,0,0.001,13.2566,2000,4.13029,4.13029,3.88527,,571.269,558.259,2056.57,2009.73,0.66875,1940.34,33.7472,54.4121,778.75,782.5,0.277458,554.916,-0.000884929,-1.76986,20.6587,41317.4,580.328,0.218775,2.84236e-11,0.0713725,4.92364,68893
159,0,0.001,12.8689,2000,4.51194,4.51194,3.79838,,618.909,606.737,2228.07,2184.26,0.85625,2049.97,15.5577,35.8781,778.75,782.5,0.301228,602.456,0.00335839,6.71679,20.3147,40629.3,627.825,-0.429667,-1.86163e-12,0.0471572,3.60351,69353.3
160,0,0.001,12.4652,2000,4.80155,4.80155,3.84244,,628.538,617.466,2262.74,2222.88,0.85,2123.9,10.5881,29.8968,778.75,782.5,0.306608,613.216,0.00429401,8.58802,19.3035,38607.1,637.459,-0.519338,8.26375e-13,0.0486119,4.88036,69804.5
161,0,0.001,12.4381,2000,4.7865,4.7865,3.85468,,624.581,613.197,2248.49,2207.51,0.8375,2082.52,12.8617,32.1591,778.75,782.5,0.304505,609.009,0.00389447,7.78893,19.2922,38584.3,633.559,-0.466513,7.27629e-12,0.0514494,3.65385,70254.9
162,0,0.001,12.4171,2000,4.8041,4.8041,3.87137,,620.981,609.812,2235.53,2195.32,0.675,2100.5,14.125,33.3082,778.75,782.5,0.303219,606.438,0.00365515,7.31029,19.1779,38355.9,629.853,-0.426819,7.83503e-12,0.0532785,3.54007,70705.8
163,0,0.001,12.3342,2000,4.86812,4.86812,3.86669,,626.487,615.516,2255.36,2215.86,0.8625,2110.41,11.6075,30.6398,778.75,782.5,0.305602,611.203,0.00405822,8.11643,19.0273,38054.5,635.484,-0.488249,9.11699e-14,0.0491682,3.47076,71159
164,0,0.001,12.6146,2000,4.82537,4.82537,3.8471,,627.144,616.119,2257.72,2218.03,0.775,2109.11,11.3217,30.5201,778.75,782.5,0.306122,612.244,0.00411967,8.23934,19.1932,38386.5,636.072,-0.499974,-2.58946e-12,0.0495043,3.59471,71611.6
165,0,0.001,12.5332,2000,4.74926,4.74926,3.82451,,627.609,615.878,2259.39,2217.16,0.74375,2053.99,11.1819,30.7611,778.75,782.5,0.30608,612.159,0.00410483,8.20966,19.5737,39147.4,636.534,-0.504771,-2.22613e-12,0.0472206,3.62662,72066.2
166,0,0.001,12.4779,2000,4.81596,4.81596,3.83108,,629.028,617.584,2264.5,2223.3,0.84375,2086.97,10.4364,29.7838,778.75,782.5,0.306683,613.366,0.00419265,8.38529,19.3421,38684.2,638.053,-0.512322,8.30465e-12,0.0472978,3.56437,72526.1
167,0,0.001,12.4882,2000,4.77971,4.77971,3.87436,,621.359,609.969,2236.89,2195.89,0.775,2071.5,13.3167,32.5138,778.75,782.5,0.303047,606.094,0.00351248,7.02496,19.1917,38383.4,630.284,-0.420617,-3.51601e-12,0.053392,3.70974,72980.2
168,0,0.001,12.3083,2000,4.8563,4.8563,3.86132,,625.025,614.144,2250.09,2210.92,0.7125,2111.88,13.0033,32.0848,778.75,782.5,0.305291,610.581,0.00392798,7.85597,19.0764,38152.8,634.006,-0.471193,-8.17047e-12,0.0511625,4.83685,73432.3
169,0,0.001,12.5479,2000,4.65336,4.65336,3.89188,,607.469,596.394,2186.89,2147.02,0.6375,2067.9,20.534,39.9505,778.75,782.5,0.296603,593.206,0.0023704,4.74079,19.4113,38822.6,616.528,-0.238592,-1.04559e-11,0.0598631,5.26025,73885.7
170,0,0.001,12.867,2000,4.55832,4.55832,3.80979,,619.397,606.922,2229.83,2184.92,0.86875,2021.98,15.112,35.2351,778.75,782.5,0.301289,602.578,0.00318177,6.36353,20.1174,40234.7,628.237,-0.413025,1.52057e-12,0.0479358,3.52874,74347.1
171,0,0.001,12.4201,2000,4.82907,4.82907,3.85028,,627.322,616.275,2258.36,2218.59,0.8125,2105.79,11.4711,30.6444,778.75,782.5,0.306106,612.212,0.00402193,8.04386,19.1681,38336.3,636.309,-0.493387,-2.18258e-12,0.0490457,3.55777,74796.1
172,0,0.001,12.3994,2000,4.84948,4.84948,3.85852,,627.609,616.509,2259.39,2219.43,0.73125,2103.04,10.8695,29.947,778.75,782.5,0.306427,612.853,0.00407455,8.1491,19.0723,38144.5,636.444,-0.494812,-8.76274e-12,0.0488076,3.5245,75246.9
173,0,0.001,12.5065,2000,4.83691,4.83691,3.83694,,628.722,617.591,2263.4,2223.33,0.80625,2114.74,10.783,30.0535,778.75,782.5,0.30678,613.559,0.00410611,8.21222,19.2653,38530.5,637.656,-0.50133,4.28786e-12,0.0482947,3.53432,75709.9
174,0,0.001,12.5111,2000,4.673,4.673,3.87131,,614.134,602.872,2210.88,2170.34,0.8,2071.36,18.0081,37.4536,778.75,782.5,0.299436,598.872,0.00276828,5.53657,19.4403,38880.6,623.153,-0.31082,2.11128e-11,0.0559141,3.54136,76158.8
175,0,0.001,12.4888,2000,4.75088,4.75088,3.83991,,626.816,615.181,2256.54,2214.65,0.85,2078.55,11.8122,31.2662,778.75,782.5,0.305466,610.931,0.00384465,7.6893,19.4486,38897.2,635.634,-0.484689,8.20364e-12,0.047958,3.64415,76608.7
176,0,0.001,12.4764,2000,4.8063,4.8063,3.85191,,627.466,615.959,2258.88,2217.45,0.93125,2083.97,11.0527,30.29,778.75,782.5,0.305652,611.303,0.00384795,7.69589,19.232,38464.1,636.378,-0.475672,7.18142e-12,0.0498354,3.66662,77058.7
177,0,0.001,12.7624,2000,4.71597,4.71597,3.82997,,626.812,615.194,2256.53,2214.7,0.75,2069.95,11.7201,31.3385,778.75,782.5,0.305722,611.444,0.0038605,7.72099,19.613,39226,635.741,-0.478986,-8.80586e-12,0.0472583,3.70009,77521.3
178,0,0.001,12.5266,2000,4.80579,4.80579,3.84835,,627.547,616.978,2259.17,2221.12,0.56875,2130.93,10.9493,30.1731,778.75,782.5,0.307067,614.134,0.00412249,8.24497,19.2188,38437.5,636.638,-0.492973,1.90675e-12,0.0503782,6.82331,77979.8
179,0,0.001,12.6231,2000,4.75118,4.75118,3.82968,,628.247,616.784,2261.69,2220.42,0.775,2072.65,10.5813,30.0472,778.75,782.5,0.306455,612.909,0.00397861,7.95721,19.4605,38921.1,637.138,-0.493285,9.74857e-12,0.0487398,3.49507,78436.3
180,0,0.001,12.4586,2000,4.8521,4.8521,3.84754,,627.728,616.25,2259.82,2218.5,0.8125,2083.18,10.9777,30.1291,778.75,782.5,0.306094,612.188,0.00388665,7.77331,19.1461,38292.3,636.594,-0.480169,3.94401e-12,0.0504232,3.58901,78887.5
181,0,0.001,12.4551,2000,4.83163,4.83163,3.82972,,629.156,618.166,2264.96,2225.4,0.68125,2097,10.7102,29.9836,778.75,782.5,0.30738,614.759,0.0040965,8.19299,19.2682,38536.5,638.284,-0.505578,1.11641e-12,0.0490938,3.49574,79344.2
182,0,0.001,12.5249,2000,4.83378,4.83378,3.83579,,629.272,617.928,2265.38,2224.54,0.85625,2111.3,10.3287,29.6306,778.75,782.5,0.306823,613.647,0.0039563,7.9126,19.2967,38593.3,638.172,-0.493827,1.79751e-12,0.0490987,3.58376,79793.8
183,0,0.001,12.4123,2000,4.77946,4.77946,3.86859,,621.397,610.322,2237.03,2197.16,0.7,2076.09,13.8735,33.0528,778.75,782.5,0.303411,606.822,0.00334067,6.68134,19.1741,38348.1,630.522,-0.398454,-1.48866e-11,0.0538889,3.61282,80244.1
184,0,0.001,12.4667,2000,4.81996,4.81996,3.84581,,628.878,617.594,2263.96,2223.34,0.76875,2100.08,10.6356,29.9249,778.75,782.5,0.306875,613.75,0.0039703,7.94059,19.284,38567.9,637.837,-0.48939,9.28159e-13,0.0488162,3.66779,80705.4
185,0,0.001,12.5457,2000,4.82597,4.82597,3.84708,,626.288,615.284,2254.64,2215.02,0.79375,2111.47,11.8266,31.0456,778.75,782.5,0.305658,611.316,0.00372501,7.45003,19.2139,38427.8,635.278,-0.457438,1.14201e-11,0.0511631,3.65096,81165
186,0,0.001,12.4044,2000,4.86631,4.86631,3.85377,,627.709,616.834,2259.75,2220.6,0.85625,2132.18,10.9041,29.9794,778.75,782.5,0.306277,612.553,0.00381809,7.63618,19.0703,38140.7,636.772,-0.475223,-5.39816e-12,0.0502827,3.49249,81620.9
187,0,0.001,12.4277,2000,4.86142,4.86142,3.84769,,627.334,616.288,2258.4,2218.63,0.71875,2111.66,11.3094,30.4288,778.75,782.5,0.306347,612.694,0.00382874,7.65748,19.1142,38228.5,636.278,-0.471431,-5.32791e-12,0.050516,5.26422,82072
188,0,0.001,12.3329,2000,4.84993,4.84993,3.8518,,625.697,614.728,2252.51,2213.02,0.71875,2110.83,12.3777,31.4407,778.75,782.5,0.305567,611.134,0.00368981,7.37962,19.0579,38115.8,634.7,-0.449433,-6.0488e-12,0.052489,4.99977,82534.2
189,0,0.001,12.4221,2000,4.897,4.897,3.84379,,628.984,617.812,2264.34,2224.12,0.83125,2104.89,10.3614,29.4003,778.75,782.5,0.306828,613.656,0.00388309,7.76618,19.0337,38067.4,638.019,-0.482173,7.55023e-12,0.0506081,3.50922,82993.6
190,0,0.001,12.4391,2000,4.77099,4.77099,3.86485,,621.487,610.3,2237.36,2197.08,1.06875,2131.69,13.8378,33.105,778.75,782.5,0.302478,604.956,0.00302704,6.05408,19.2621,38524.1,630.419,-0.379552,7.68185e-12,0.054914,3.53013,83445.8
191,0,0.001,12.5189,2000,4.83987,4.83987,3.83315,,628.444,617.425,2262.4,2222.73,0.85,2140.38,10.9774,30.2044,778.75,782.5,0.306588,613.175,0.00380997,7.61993,19.2219,38443.9,637.297,-0.479081,1.23768e-12,0.0496803,3.70769,83899.2
192,0,0.001,12.5276,2000,4.84889,4.84889,3.84466,,627.469,616.584,2258.89,2219.7,0.825,2123.63,11.0385,30.1753,778.75,782.5,0.30623,612.459,0.00371949,7.43898,19.1318,38263.6,636.559,-0.458855,-1.24758e-11,0.0508701,3.51519,84349.9
193,0,0.001,12.4413,2000,4.83788,4.83788,3.84009,,627.288,616.209,2258.23,2218.35,0.76875,2102.94,11.3633,30.537,778.75,782.5,0.306183,612.366,0.00370474,7.40947,19.1685,38337,636.256,-0.457646,3.52488e-12,0.0509683,3.64072,84815.2
194,0,0.001,12.4798,2000,4.88974,4.88974,3.84433,,628.081,617.038,2261.09,2221.34,0.66875,2086.35,10.4203,29.4381,778.75,782.5,0.306847,613.694,0.0038324,7.6648,19.0126,38025.2,637.087,-0.470846,5.49619e-12,0.0499881,3.6081,85271.2
195,0,0.001,12.3451,2000,4.89522,4.89522,3.84814,,627.55,616.431,2259.18,2219.15,0.825,2114.42,11.3325,30.3348,778.75,782.5,0.306153,612.306,0.00368843,7.37687,18.9972,37994.4,636.453,-0.461028,-4.58627e-12,0.0489502,3.55071,85726.3
196,0,0.001,12.317,2000,4.86254,4.86254,3.8701,,622.319,611.653,2240.35,2201.95,0.88125,2136.68,13.5663,32.5104,778.75,782.5,0.303623,607.247,0.00320585,6.4117,18.9391,37878.3,631.322,-0.402202,-6.69548e-12,0.0528333,5.28595,86180.2
197,0,0.001,12.6383,2000,4.76457,4.76457,3.83651,,624.803,613.197,2249.29,2207.51,0.875,2076.78,12.3884,31.829,778.75,782.5,0.304411,608.822,0.0033317,6.66341,19.4352,38870.5,633.788,-0.430502,6.95308e-13,0.0480134,3.63301,86643.4
198,0,0.001,12.3974,2000,4.84969,4.84969,3.87569,,621.778,610.756,2238.4,2198.72,0.8375,2073.86,13.6334,32.5878,778.75,782.5,0.303284,606.569,0.00310619,6.21239,18.9492,37898.5,630.9,-0.383727,-3.3856e-12,0.0523927,5.03592,87094.1
199,0,0.001,12.5509,2000,4.79492,4.79492,3.82048,,628.237,616.931,2261.65,2220.95,0.85,2099.45,10.9672,30.3594,778.75,782.5,0.306341,612.681,0.00366978,7.33956,19.387,38773.9,637.228,-0.464965,-4.04694e-12,0.0461913,3.651,87547.1
200,0,0.001,12.6196,2000,4.77228,4.77228,3.84888,,621,609.803,2235.6,2195.29,0.73125,2095.18,13.9814,33.2401,778.75,782.5,0.303073,606.147,0.00305369,6.10739,19.2534,38506.9,629.831,,,,,87999.8
